[
    {
        "section": "The Backroom in Minecraft 服务器团队",
        "disciplines": [
            "discipline": "管理层",
            "titles": [
                "title": "服主",
                "names": [
                    "Pumpkin_Pie5675"
                ]
            ],
            "discipline": "开发组",
            "titles": [
                "title": "美术",
                "names": [
                    "ajjdxns"
                ]
            ]
        ]   
    }
]